idSPE;idMVS;SPE;MVS;SPE-MVS;WKT
1;1;ASL 01;MVS1;ASL01-MVS1;Polygon ((-37.053293232 -5.60554172499997,-37.053290298 -5.60690192499999,-37.053285491 -5.60835191999996,-37.053939699 -5.60835409699996,-37.054980731 -5.60806684699998,-37.054984033 -5.60706999899998,-37.056310624 -5.60707440799996,-37.056313476 -5.606212809,-37.057388774 -5.60621637999998,-37.05699323 -5.60592959099995,-37.055913167 -5.60514648999998,-37.054969478 -5.60446226399995,-37.0549661639999 -5.60554728699998,-37.054853776 -5.605546914,-37.053293232 -5.60554172499997))
1;2;ASL 01;MVS2;ASL01-MVS2;Polygon ((-37.053133051 -5.60313074599998,-37.051085384 -5.60164605699998,-37.05108175 -5.60274217199998,-37.051081306 -5.60287615099998,-37.050651754 -5.60287472099998,-37.050642935 -5.60553290299998,-37.050706851 -5.605533116,-37.050697524 -5.60834330199998,-37.053285491 -5.60835191999996,-37.053293232 -5.60554172499997,-37.054966166 -5.60554685699998,-37.054969478 -5.60446226399995,-37.054257901 -5.60394632999999,-37.053133051 -5.60313074599998))
1;3;ASL 01;MVS3;ASL01-MVS3;Polygon ((-37.050651754 -5.60287472099998,-37.048062354 -5.60286609499997,-37.048053523 -5.60552427299996,-37.048044559 -5.60822145599997,-37.049708723 -5.60822700699998,-37.049989257 -5.60834094099999,-37.050697524 -5.60834330199998,-37.050706851 -5.605533116,-37.050642935 -5.60553290299998,-37.050651754 -5.60287472099998))
1;4;ASL 01;MVS4;ASL01-MVS4;Polygon ((-37.049989257 -5.60834094099999,-37.049708723 -5.60822700699998,-37.048044559 -5.60822145599997,-37.048053523 -5.60552427299996,-37.045021906 -5.60551415399999,-37.045008103 -5.60965988599997,-37.045436247 -5.609739924,-37.048874051 -5.60975140299996,-37.04998559 -5.60944478499999,-37.049989257 -5.60834094099999))
1;5;ASL 01;MVS5;ASL01-MVS5;Polygon ((-37.045021906 -5.60551415399999,-37.041974456 -5.60550396599996,-37.041863832 -5.605503054,-37.042056438 -5.60866654499995,-37.042111526 -5.60960739999996,-37.042199519 -5.61101665899997,-37.044262158 -5.61102356199996,-37.0454330479999 -5.61070058399997,-37.045436247 -5.609739924,-37.045008103 -5.60965988599997,-37.045021906 -5.60551415399999))
2;1;ASL 02;MVS1;ASL02-MVS1;Polygon ((-37.038092274 -5.61331810599995,-37.037665478 -5.61316572099997,-37.037669852 -5.61185797299999,-37.03534735 -5.61185017199995,-37.035294323 -5.61185049299996,-37.035327787 -5.61234269899995,-37.035373737 -5.61301850899997,-37.035408052 -5.61352321599998,-37.035443863 -5.61404991499995,-37.035474769 -5.61450447099998,-37.035485959 -5.614669064,-37.036437415 -5.61466568699996,-37.037046355 -5.61466352299999,-37.037700128 -5.61466120099999,-37.038087786 -5.614659824,-37.038092274 -5.61331810599995))
2;2;ASL 02;MVS2;ASL02-MVS2;Polygon ((-37.038092274 -5.61331810599995,-37.039061773 -5.61332135799995,-37.039052434 -5.613185316,-37.039029215 -5.61284711099995,-37.038981178 -5.61214639299999,-37.038960219 -5.61184215999998,-37.038894412 -5.61088364199998,-37.038820007 -5.60979993499996,-37.038765478 -5.60900571099995,-37.038741006 -5.60864928799998,-37.038708272 -5.60817250299999,-37.038694667 -5.607973464,-37.038688949 -5.60789018699995,-37.035021726 -5.60787787999999,-37.035027416 -5.60792492099995,-37.035030965 -5.60797711299995,-37.035040223 -5.60811330299998,-37.035048441 -5.60823415699997,-37.035069845 -5.60854896199999,-37.035101255 -5.60901092399996,-37.035175836 -5.61010783899997,-37.035234049 -5.61096400399998,-37.0352676689999 -5.61145848399997,-37.035294323 -5.61185049299996,-37.037669852 -5.61185797299999,-37.037665478 -5.61316572099997,-37.038092274 -5.61331810599995))
12;5;ASL 12;MVS5;ASL12-MVS5;Polygon ((-37.041088226 -5.53664470699999,-37.040344287 -5.53602227099998,-37.037763764 -5.53866957299999,-37.03787492 -5.53877833799999,-37.038077418 -5.53918947399995,-37.038204965 -5.53954062399998,-37.038427326 -5.53993206599995,-37.039679044 -5.538659392,-37.039957409 -5.53943486899999,-37.04101821 -5.53943837899999,-37.041803768 -5.53863537399997,-37.041086601 -5.53792485399998,-37.041088226 -5.53664470699999))
2;3;ASL 02;MVS3;ASL02-MVS3;Polygon ((-37.03868889 -5.60789018599996,-37.038654997 -5.607396542,-37.038593013 -5.60649372999995,-37.038545017 -5.60579390799995,-37.0385202739999 -5.60543430399997,-37.039167715 -5.60543566599995,-37.039744272 -5.60543708499995,-37.039746917 -5.60464434899995,-37.038503631 -5.60464018399995,-37.038506256 -5.60385409199995,-37.038503309 -5.60362292899998,-37.037488918 -5.60361707599998,-37.036457255 -5.60361361699995,-37.035599119 -5.60361073799999,-37.035300448 -5.60360973599995,-37.034942038 -5.60393250999999,-37.034940796 -5.60430383099998,-37.034180773 -5.60508736899999,-37.034140213 -5.60628594599996,-37.034115594 -5.607013424,-37.034088988 -5.60779956199997,-37.034079338 -5.608084744,-37.034072278 -5.60810447,-37.035027416 -5.60792492099995,-37.035021726 -5.60787787999999,-37.03868889 -5.60789018599996))
12;4;ASL 12;MVS4;ASL12-MVS4;Polygon ((-37.04180381 -5.538635414,-37.042216239 -5.53821386699997,-37.042961182 -5.53745245299996,-37.0440214979999 -5.53636868799998,-37.045574882 -5.53478085299997,-37.046225307 -5.53411603199999,-37.046406018 -5.53393131999997,-37.046415683 -5.53098662099995,-37.045923358 -5.53050489099996,-37.049390196 -5.52694764099999,-37.049331971 -5.52689067399996,-37.045865216 -5.53044801499999,-37.045820007 -5.53040377899998,-37.043638521 -5.532642168,-37.042566216 -5.53374234899997,-37.041796337 -5.53453229499996,-37.041034023 -5.535314476,-37.040344263 -5.53602229299997,-37.041088226 -5.53664470699999,-37.041086601 -5.53792485399998,-37.04180381 -5.538635414))
12;3;ASL 12;MVS3;ASL12-MVS3;Polygon ((-37.049390195 -5.52694764199998,-37.051675484 -5.52460265799999,-37.052225467 -5.52514078199999,-37.054483412 -5.52514818599997,-37.055075758 -5.52506942999997,-37.055745122 -5.52438529199998,-37.056265568 -5.52385321699995,-37.058050018 -5.52202922099997,-37.059139473 -5.52091550099999,-37.059758565 -5.520282716,-37.058906891 -5.51976765899997,-37.057527364 -5.51976550199998,-37.056841453 -5.519094387,-37.055434685 -5.52053795299997,-37.054281609 -5.521721173,-37.053310374 -5.52271779899996,-37.052256724 -5.523798989,-37.051836521 -5.524230171,-37.051572098 -5.52450150299995,-37.051617234 -5.52454566399996,-37.049331971 -5.52689067399996,-37.049390195 -5.52694764199998))
2;5;ASL 02;MVS5;ASL02-MVS5;Polygon ((-37.030057154 -5.602804768,-37.026804293 -5.60279381499998,-37.026808329 -5.60287430799997,-37.026824016 -5.60318710999996,-37.026853889 -5.603837704,-37.026871092 -5.60421305399996,-37.026906523 -5.60500234,-37.0269566 -5.60609429199997,-37.026992864 -5.60689212999995,-37.0270162899999 -5.60740755399996,-37.027027305 -5.60764986699996,-37.027101628 -5.607723986,-37.027409486 -5.60803099599997,-37.027472519 -5.60809385499999,-37.02757763 -5.60819928899997,-37.027668067 -5.60819959399998,-37.027869061 -5.60839524299996,-37.028524836 -5.60903357499996,-37.028901522 -5.60940023899997,-37.029202733 -5.60969343699998,-37.029485239 -5.60940520099996,-37.029510063 -5.60874360099996,-37.029517147 -5.60855478799999,-37.029530578 -5.60819683,-37.029535658 -5.60793909999995,-37.029539486 -5.60679811099999,-37.029727253 -5.60679874299996,-37.02973636 -5.60408342199997,-37.030052864 -5.60408448699997,-37.030057154 -5.602804768))
12;2;ASL 12;MVS2;ASL12-MVS2;Polygon ((-37.060542931 -5.519480864,-37.061526793 -5.51847513599995,-37.061978375 -5.51801356299995,-37.062525525 -5.51745420199995,-37.063605927 -5.51634981199999,-37.064482584 -5.51545364999998,-37.065182723 -5.51473792899998,-37.065786028 -5.51412119699995,-37.064942523 -5.51347919599999,-37.063523141 -5.51347342699995,-37.062936227 -5.51284004899998,-37.062013578 -5.513786848,-37.061231643 -5.51458926499998,-37.06041969 -5.51542248199996,-37.059123016 -5.51675311999998,-37.058419948 -5.51747457799996,-37.057904253 -5.51800376799997,-37.057371822 -5.51855013199997,-37.056948749 -5.51898428499999,-37.056841453 -5.519094387,-37.057527364 -5.51976550199998,-37.058906891 -5.51976765899997,-37.059758529 -5.520282694,-37.060542931 -5.519480864))
3;1;ASL 03;MVS1;ASL03-MVS1;Polygon ((-37.048062357 -5.60286506799997,-37.048062354 -5.60286609499997,-37.051081306 -5.60287615099998,-37.051085384 -5.60164605699998,-37.047695887 -5.59918842999997,-37.047688026 -5.601493027,-37.048066909 -5.60149428999995,-37.048062357 -5.60286506799997))
12;1;ASL 12;MVS1;ASL12-MVS1;Polygon ((-37.066033641 -5.51386807299997,-37.066857177 -5.51302617799996,-37.067626442 -5.51223980199995,-37.068731062 -5.51111056299999,-37.069851773 -5.50996489299996,-37.070367249 -5.509437924,-37.071048055 -5.50874194399995,-37.070566779 -5.50844881699999,-37.070007862 -5.50810842099997,-37.069751726 -5.507952397,-37.067705454 -5.50794576099997,-37.0662595209999 -5.50942964999996,-37.064993112 -5.51072923099997,-37.063834604 -5.51191813299999,-37.06317406 -5.51259598499996,-37.062936227 -5.51284004899998,-37.063523141 -5.51347342699995,-37.064942523 -5.51347919599999,-37.065786012 -5.51412118399998,-37.066033641 -5.51386807299997))
3;2;ASL 03;MVS2;ASL03-MVS2;Polygon ((-37.048053523 -5.60552427299996,-37.048066909 -5.60149428999995,-37.047688026 -5.60149299099999,-37.047695887 -5.59918842999997,-37.047340142 -5.59893048699996,-37.047199947 -5.59882883499995,-37.04709643 -5.59875377699996,-37.047012999 -5.598693282,-37.046919492 -5.59862548299998,-37.046878522 -5.598595778,-37.046611811 -5.598325778,-37.045988154 -5.59769443499999,-37.045984388 -5.59882835799999,-37.04542335 -5.598826487,-37.045414511 -5.60148544399999,-37.045790261 -5.60148669799997,-37.045776859 -5.60551667499999,-37.048053523 -5.60552427299996))
12;6;ASL 12;MVS6;ASL12-MVS6;Polygon ((-37.032261893 -5.53672697999997,-37.032392104 -5.53673832199996,-37.033122624 -5.53674005199997,-37.033766376 -5.53674157499995,-37.034005235 -5.53674214,-37.034096709 -5.53682805,-37.034810472 -5.53609601099998,-37.034946592 -5.534858128,-37.034994925 -5.534418577,-37.035100198 -5.532183562,-37.035142322 -5.531289211,-37.035165413 -5.53079897399999,-37.034826602 -5.53113988899997,-37.033349995 -5.53262566999996,-37.03199784 -5.533986212,-37.031161057 -5.53482817899999,-37.03074003 -5.53525181199996,-37.030735587 -5.53659404299998,-37.031007257 -5.53661770599996,-37.032261893 -5.53672697999997)),((-37.029208702 -5.53844471699995,-37.032532475 -5.53845576799995,-37.03290498 -5.53806552499998,-37.032907378 -5.53696793299997,-37.032633307 -5.53695878399998,-37.032502143 -5.536954407,-37.032467458 -5.53692161799995,-37.032016181 -5.53689708999997,-37.031559798 -5.53687228299998,-37.029123895 -5.53685967499996,-37.028890296 -5.53709390999995,-37.02888631 -5.53829634099998,-37.029208702 -5.53844471699995))
3;3;ASL 03;MVS3;ASL03-MVS3;Polygon ((-37.04542335 -5.598826487,-37.043524432 -5.59882084899999,-37.043509234 -5.60416808399998,-37.043572121 -5.60416829399998,-37.043567656 -5.605509294,-37.045776859 -5.60551667499999,-37.045790261 -5.60148669799997,-37.045414511 -5.60148544399999,-37.04542335 -5.598826487))
13;1;ASL 13;MVS1;ASL13-MVS1;Polygon ((-37.018517707 -5.53301684399997,-37.018476459 -5.533083885,-37.019552987 -5.53362977499995,-37.020400594 -5.53446788999997,-37.020465313 -5.53445910599999,-37.022997414 -5.53449726599996,-37.023792046 -5.53330344599999,-37.024523257 -5.53220489999995,-37.025402287 -5.53088426299996,-37.026095828 -5.52984229599997,-37.026098633 -5.52899616899998,-37.025648079 -5.52881358499997,-37.024654679 -5.52881027799998,-37.024656494 -5.52826299199995,-37.020901355 -5.53093683499998,-37.020895502 -5.532697391,-37.020074404 -5.53269322999995,-37.020070052 -5.53400130099999,-37.019611769 -5.53354811999998,-37.018517707 -5.53301684399997))
3;4;ASL 03;MVS4;ASL03-MVS4;Polygon ((-37.041863832 -5.605503054,-37.043567656 -5.605509294,-37.043572121 -5.60416829399998,-37.043509234 -5.60416808399998,-37.043524432 -5.59882084899999,-37.0412531429999 -5.59881436899997,-37.041239661 -5.60286092999996,-37.041307397 -5.60286115699995,-37.041298083 -5.60414055299998,-37.041294876 -5.60521559699998,-37.041509052 -5.60521623799997,-37.041837399 -5.60521722099998,-37.04184344 -5.60521667499995,-37.041863832 -5.605503054))
13;2;ASL 13;MVS2;ASL13-MVS2;Polygon ((-37.030516079 -5.53012849599997,-37.028830788 -5.53012990799999,-37.028834644 -5.52884001199999,-37.028291769 -5.52854618099997,-37.027400168 -5.52989386599995,-37.026657616 -5.53101624799996,-37.025524212 -5.53272940299996,-37.024421301 -5.53439644599996,-37.023987085 -5.53505275799995,-37.023084136 -5.536417546,-37.023752023 -5.53686117399997,-37.025040856 -5.53686547199999,-37.025297542 -5.53661095299998,-37.02613653 -5.53577915899996,-37.026896913 -5.53502521499996,-37.027895741 -5.53403483699998,-37.029283769 -5.53265854,-37.031350829 -5.53060892799999,-37.030516079 -5.53012849599997))
13;3;ASL 13;MVS3;ASL13-MVS3;Polygon ((-37.031350829 -5.53060892799999,-37.032576016 -5.52939377899997,-37.03318341 -5.52879179499996,-37.033189342 -5.52699502899998,-37.032464933 -5.52693168299999,-37.032466718 -5.52639078599998,-37.032748523 -5.52406205699998,-37.031261595 -5.52405712899997,-37.029205518 -5.52716501199995,-37.028291769 -5.52854618099997,-37.028834644 -5.52884001199999,-37.028830788 -5.53012990799999,-37.030516079 -5.53012849599997,-37.031350829 -5.53060892799999))
4;1;ASL 04;MVS1;ASL04-MVS1;Polygon ((-37.044724899 -5.589496317,-37.047968988 -5.58950747,-37.04795898 -5.58936651599998,-37.047951692 -5.58921521299999,-37.047887824 -5.58814355099997,-37.047831341 -5.58718161299998,-37.047780617 -5.586324531,-37.047765556 -5.586070248,-37.047743838 -5.58570355299997,-37.047733711 -5.58553256699997,-37.04694655 -5.58508889999996,-37.046878545 -5.58505056999996,-37.046841514 -5.58498184899997,-37.0464101049999 -5.58418125699995,-37.046398922 -5.58416050599999,-37.046391508 -5.58413812999999,-37.046315703 -5.583909345,-37.045109511 -5.583708715,-37.04468507 -5.58363811499999,-37.044623177 -5.58362782099999,-37.044617043 -5.58547758599997,-37.044738231 -5.58547798999996,-37.044724899 -5.589496317)),((-37.047279499 -5.58465715999995,-37.047695475 -5.58489161599999,-37.047690177 -5.58480283599999,-37.047650101 -5.584131297,-37.047465426 -5.58410058099997,-37.046931747 -5.58401181399995,-37.047279499 -5.58465715999995))
13;4;ASL 13;MVS4;ASL13-MVS4;Polygon ((-37.040830953 -5.52849554699998,-37.040829675 -5.52717917599995,-37.0402575849999 -5.527178822,-37.039507207 -5.526430119,-37.038031824 -5.52791464199998,-37.037211374 -5.52874027499996,-37.036429498 -5.52952693899999,-37.03638524 -5.52957147499995,-37.036337374 -5.52957131599999,-37.036346683 -5.52935938999997,-37.036366604 -5.52890585399996,-37.036405469 -5.52802102299995,-37.036458387 -5.52681617499996,-37.036472456 -5.52649587099995,-37.036476536 -5.52640299999996,-37.0364934999999 -5.52622297699997,-37.036508801 -5.52606062899997,-37.036515903 -5.525985263,-37.036518538 -5.52595014299999,-37.03651365 -5.52590557899998,-37.03649733 -5.52585774399995,-37.03648261 -5.52583168399997,-37.036467627 -5.52581159199997,-37.036450653 -5.52579357399998,-37.036421386 -5.52577029599996,-37.036395277 -5.52575547599997,-37.036368091 -5.52574463799999,-37.036337725 -5.52573811999997,-37.03628828 -5.52572750599995,-37.036228194 -5.52571460999997,-37.036207894 -5.52570283799997,-37.036187003 -5.52568236099995,-37.036175448 -5.52566363999995,-37.036165266 -5.52562604499997,-37.036166052 -5.52560213799995,-37.036173054 -5.52557681299999,-37.036188392 -5.52555098799996,-37.036211006 -5.52551756099996,-37.036276202 -5.525421188,-37.036332731 -5.52533762599995,-37.036362237 -5.52529401099997,-37.036386812 -5.525255754,-37.036462429 -5.52512106199998,-37.036535691 -5.52499113599998,-37.036601215 -5.52487558299998,-37.036617468 -5.52484691799998,-37.036629592 -5.52482647699998,-37.036645356 -5.524794649,-37.036661683 -5.52475060399996,-37.036668808 -5.52472382399998,-37.036675878 -5.52468322899995,-37.036678675 -5.52464163399998,-37.036601328 -5.52464137799996,-37.03659678 -5.52468969499995,-37.036580946 -5.52474781299998,-37.036551218 -5.52480686199999,-37.036512499 -5.52487514699999,-37.036415326 -5.52504688199997,-37.036324558 -5.52520856399997,-37.036223913 -5.52536034999997,-37.036187609 -5.52541401399998,-37.036116757 -5.52551818199998,-37.036097626 -5.52555760399997,-37.036090983 -5.52558232399997,-37.036087604 -5.52561431299995,-37.036089731 -5.525645623,-37.036097982 -5.52567852799996,-37.036108592 -5.525702905,-37.036124933 -5.52572862199997,-37.036137319 -5.525743283,-37.036154239 -5.525759161,-37.036170634 -5.52577123099996,-37.036205362 -5.525788971,-37.036237429 -5.52579585399997,-37.03631934 -5.52581343499998,-37.036352222 -5.52582119699997,-37.036382594 -5.52583760799996,-37.036404857 -5.52585738899995,-37.036424491 -5.52588515299999,-37.036436097 -5.525914038,-37.036441039 -5.525944907,-37.036441082 -5.525957017,-37.036439147 -5.52597532099998,-37.036437527 -5.52599250599997,-37.036418769 -5.52619154299998,-37.0363993449999 -5.52639765099997,-37.036375527 -5.52693996199997,-37.036314194 -5.52833635499996,-37.036278237 -5.52915499799997,-37.036259947 -5.52957135999998,-37.036244328 -5.52957100799995,-37.03623747 -5.52972030799998,-37.035829123 -5.53013122499999,-37.035748775 -5.531837908,-37.035669956 -5.53351209899995,-37.035558811 -5.53506817199997,-37.035526645 -5.53536149599995,-37.036138017 -5.53473446599997,-37.037360255 -5.53348091299995,-37.0388562099999 -5.53194662099997,-37.039464922 -5.53132230399996,-37.03974163 -5.53103850299999,-37.03989583 -5.53088034799998,-37.040043065 -5.53072933899995,-37.040710344 -5.53004494799995,-37.041562331 -5.52917110999999,-37.040830953 -5.52849554699998))
4;2;ASL 04;MVS2;ASL04-MVS2;Polygon ((-37.042025057 -5.58418651299996,-37.042024578 -5.585468897,-37.042086856 -5.58546910499996,-37.042077825 -5.588187791,-37.042138427 -5.58818799299996,-37.042134108 -5.58948767999999,-37.042392435 -5.58948854099998,-37.044724899 -5.589496317,-37.044738231 -5.58547798999996,-37.044617043 -5.58547758599997,-37.044623177 -5.58362782099999,-37.044399108 -5.58359055099999,-37.043999943 -5.58352415399997,-37.043345377 -5.58341527699997,-37.042656205 -5.58330063999995,-37.042643285 -5.58337861199999,-37.04261263 -5.58356359999999,-37.042570516 -5.58381775199996,-37.042562526 -5.58386596199995,-37.042556872 -5.583900089,-37.042026014 -5.58389832,-37.042025057 -5.58418651299996))
13;6;ASL 13;MVS6;ASL13-MVS6;Polygon ((-37.045940098 -5.523242122,-37.043889429 -5.52323368999998,-37.043223526 -5.522690517,-37.042495805 -5.523422826,-37.041502935 -5.52442187299999,-37.040456685 -5.525474659,-37.039507225 -5.526430103,-37.0402575849999 -5.527178822,-37.040829675 -5.52717917599995,-37.040830953 -5.52849554699998,-37.041562333 -5.52917110999999,-37.042186168 -5.52853126899998,-37.043717638 -5.526960503,-37.044849511 -5.52579957499995,-37.046014405 -5.524604775,-37.046753106 -5.52384709999995,-37.045940098 -5.523242122))
4;3;ASL 04;MVS3;ASL04-MVS3;Polygon ((-37.039147591 -5.58409541999998,-37.039431455 -5.58409636699997,-37.039810547 -5.58409763199995,-37.039812533 -5.58350022599996,-37.039812548 -5.58349241599996,-37.039614797 -5.58327921899996,-37.039616407 -5.58279499599996,-37.038902294 -5.58267620699996,-37.037607869 -5.58246088599998,-37.036493603 -5.58227552899996,-37.035905891 -5.58217776299995,-37.035549871 -5.58211853899996,-37.035281488 -5.58207389299997,-37.035189639 -5.58234554899997,-37.03518814 -5.58279552799996,-37.035184826 -5.58379030099996,-37.035183774 -5.58410590199998,-37.039147591 -5.58409541999998))
13;5;ASL 13;MVS5;ASL13-MVS5;Polygon ((-37.047900867 -5.52216962199998,-37.04791267 -5.52256307099998,-37.049121691 -5.521307761,-37.050340373 -5.52004241099996,-37.051703316 -5.51862726399997,-37.051064238 -5.51836935399996,-37.050125662 -5.51799057599999,-37.04974815 -5.51783822499999,-37.049487772 -5.51745035099998,-37.04919894 -5.51702009099995,-37.049118143 -5.51689973099997,-37.048548983 -5.51747479899996,-37.048043824 -5.51798520099999,-37.047783241 -5.51824848799998,-37.047835644 -5.51999530999996,-37.047900867 -5.52216962199998)),((-37.045940098 -5.523242122,-37.046753112 -5.523847096,-37.046911567 -5.52368457099999,-37.046873216 -5.52175189799999,-37.046820024 -5.51907145799998,-37.045698884 -5.52019965099998,-37.045246263 -5.52065510199998,-37.044436666 -5.521469798,-37.043597865 -5.52231385799996,-37.043223526 -5.522690517,-37.043889429 -5.52323368999998,-37.045940098 -5.523242122))
4;4;ASL 04;MVS4;ASL04-MVS4;Polygon ((-37.040186871 -5.58948093799995,-37.039474125 -5.59031597199998,-37.040146277 -5.59099642699999,-37.040458333 -5.59131233699998,-37.040887813 -5.59174712099997,-37.041199569 -5.59206272799997,-37.04120379 -5.59079369899996,-37.042388085 -5.590797651,-37.042392435 -5.58948854099998,-37.042134108 -5.58948767999999,-37.042138427 -5.58818799299996,-37.042077825 -5.588187791,-37.042086856 -5.58546910499996,-37.042024578 -5.585468897,-37.042026014 -5.58389832,-37.040183344 -5.58389217599995,-37.039812548 -5.58349241599996,-37.039810536 -5.58409763199995,-37.039801509 -5.58681291699997,-37.040187059 -5.58681420399995,-37.040182513 -5.58818127299998,-37.040243589 -5.58818147699998,-37.040239265 -5.58948158299995,-37.040186871 -5.58948093799995))
10;6;ASL 10;MVS6;ASL10-MVS6;Polygon ((-37.03902293 -5.517709895,-37.039025339 -5.51640675099998,-37.039034724 -5.51503285899997,-37.0386819 -5.51503169599999,-37.037772584 -5.51421501999999,-37.037433128 -5.51472815899996,-37.037129103 -5.51518774199997,-37.036486976 -5.51615840699998,-37.036455031 -5.51683681899999,-37.036363367 -5.51878207499999,-37.03659468 -5.51878068899998,-37.036595059 -5.51911361599997,-37.036595961 -5.51990719199995,-37.036597385 -5.52116272499995,-37.036598596 -5.522230573,-37.036600034 -5.523498319,-37.036600706 -5.52409157399995,-37.036601328 -5.52464088199997,-37.036678675 -5.52464163399998,-37.036678356 -5.524360011,-37.036677164 -5.523306553,-37.036675286 -5.521648793,-37.036674029 -5.520540117,-37.036672033 -5.51878029,-37.039678156 -5.51876258099998,-37.040190725 -5.51860367899997,-37.03902293 -5.517709895))
4;5;ASL 04;MVS5;ASL04-MVS5;Polygon ((-37.039474125 -5.59031597199998,-37.040186871 -5.58948093799995,-37.040239266 -5.58948111299998,-37.040243589 -5.58818147699998,-37.040182513 -5.58818127299998,-37.040187059 -5.58681420399995,-37.039801509 -5.58681291699997,-37.039810547 -5.58409763199995,-37.035183774 -5.58410590199998,-37.035620664 -5.58490860199998,-37.035885435 -5.585395065,-37.036160881 -5.585901143,-37.036118952 -5.58691932099998,-37.036219878 -5.58702149699997,-37.036463709 -5.58726834399999,-37.037244583 -5.58805887299997,-37.038066007 -5.58889045199999,-37.038616922 -5.58944817599996,-37.038994711 -5.58983063399995,-37.039474125 -5.59031597199998))
10;5;ASL 10;MVS5;ASL10-MVS5;Polygon ((-37.041878131 -5.513640737,-37.041883095 -5.51236492199996,-37.039997603 -5.512355496,-37.039400082 -5.51175478899995,-37.039048025 -5.51228698599999,-37.038657223 -5.51287774699995,-37.038287776 -5.51343622899998,-37.037772584 -5.51421501999999,-37.0386819 -5.51503169599999,-37.039034724 -5.51503285899997,-37.039025339 -5.51640675099998,-37.03902293 -5.517709895,-37.040190725 -5.51860367899997,-37.040687168 -5.51844977799999,-37.041358225 -5.51771866999997,-37.041812631 -5.516385689,-37.04189218 -5.51511138299998,-37.041914444 -5.51475473899995,-37.042636465 -5.51442661599998,-37.041878131 -5.513640737))
5;1;ASL 05;MVS1;ASL05-MVS1;Polygon ((-37.058332056 -5.60621951099995,-37.060257001 -5.60622589499997,-37.060255946 -5.60610601899998,-37.060253726 -5.60585402999999,-37.060251365 -5.60558576299997,-37.060234155 -5.60524017099999,-37.060200235 -5.604625919,-37.06017425 -5.60415534399999,-37.060135933 -5.60346149399999,-37.057750868 -5.60345358699999,-37.057755162 -5.60215398399998,-37.056702272 -5.60215049099997,-37.056704115 -5.60159283499996,-37.053969827 -5.60158375599997,-37.053964962 -5.60305313799995,-37.054307571 -5.60330154899998,-37.0550973 -5.603874147,-37.055801 -5.60438436799996,-37.056261586 -5.60471831899997,-37.05687391 -5.605162286,-37.057280983 -5.60545743299997,-37.057916424 -5.605918159,-37.058332056 -5.60621951099995)),((-37.060251892 -5.60561121899997,-37.060281386 -5.606537248,-37.063773055 -5.60555493499999,-37.06366158 -5.60503042699997,-37.060251892 -5.60561121899997))
10;4;ASL 10;MVS4;ASL10-MVS4;Polygon ((-37.0446559539999 -5.50967236999998,-37.043848912 -5.50966811999996,-37.0438559729999 -5.50838191999998,-37.042659829 -5.50837433499998,-37.041987524 -5.50784337699997,-37.041812185 -5.50810843799997,-37.041062487 -5.50924175599999,-37.040570973 -5.50998477599995,-37.040108258 -5.510684255,-37.039400082 -5.51175478899995,-37.039997603 -5.512355496,-37.041883095 -5.51236492199996,-37.041878131 -5.513640737,-37.042636465 -5.51442661599998,-37.043131391 -5.51396588799997,-37.044046427 -5.51206317499998,-37.044317554 -5.51107143799999,-37.045305696 -5.51033601899996,-37.0446559539999 -5.50967236999998))
5;2;ASL 05;MVS2;ASL05-MVS2;Polygon ((-37.056704115 -5.60159283499996,-37.056702272 -5.60215049099997,-37.057755162 -5.60215398399998,-37.057750868 -5.60345358699999,-37.060135933 -5.60346149399999,-37.060100138 -5.60281328299999,-37.060029624 -5.60153636599995,-37.059972576 -5.60050331399998,-37.059910463 -5.59937854499998,-37.059877715 -5.59878554899996,-37.059828718 -5.597898305,-37.058020702 -5.59791522899997,-37.057880457 -5.597914764,-37.057879992 -5.59805570399999,-37.057718919 -5.59805516999995,-37.057715106 -5.59920990499995,-37.05662236 -5.59920628199995,-37.056617104 -5.60079673599995,-37.056706746 -5.60079703299999,-37.056704115 -5.60159283499996))
10;3;ASL 10;MVS3;ASL10-MVS3;Polygon ((-37.045305696 -5.51033601899996,-37.045800563 -5.50996771699999,-37.04556989 -5.50901033999997,-37.045236768 -5.50762776199997,-37.045124051 -5.50715994499996,-37.04513759 -5.50639928199996,-37.046542486 -5.50585604499997,-37.046869519 -5.50572958999999,-37.047474674 -5.50537868399999,-37.047880896 -5.50471221799995,-37.047880568 -5.50464584499997,-37.048494423 -5.50396680899996,-37.04890314 -5.50351469099996,-37.049009132 -5.50339744499996,-37.048011276 -5.50258726699997,-37.047869831 -5.50247242499995,-37.047869409 -5.50238712799995,-37.047383232 -5.50199505699999,-37.04675727 -5.50149026899999,-37.046450141 -5.50124259099999,-37.045988742 -5.50194011599996,-37.045664756 -5.50242990699996,-37.045402367 -5.50282657399998,-37.045336527 -5.50278059599998,-37.045226885 -5.50294635,-37.044732601 -5.50369358099999,-37.044154144 -5.504568054,-37.043930955 -5.50490545699995,-37.043472521 -5.50559848399996,-37.043385111 -5.50573062199999,-37.043241161 -5.50594823599999,-37.042829347 -5.50657078399996,-37.04262276 -5.50688308499997,-37.042203816 -5.50751640799996,-37.041987524 -5.50784337699997,-37.042659829 -5.50837433499998,-37.043855978 -5.508380929,-37.043848912 -5.50966811999996,-37.0446559539999 -5.50967236999998,-37.045305696 -5.51033601899996))
5;3;ASL 05;MVS3;ASL05-MVS3;Polygon ((-37.05683377 -5.59622659399997,-37.05657756 -5.59622574499997,-37.056567714 -5.5992061,-37.05662236 -5.59920628199995,-37.057715106 -5.59920990499995,-37.057718919 -5.59805516999995,-37.057879992 -5.59805570399999,-37.057880457 -5.597914764,-37.058020702 -5.59791522899997,-37.057920611 -5.59603764299999,-37.058476824 -5.59602993599998,-37.058480519 -5.59490990499995,-37.056838136 -5.59490446499996,-37.05683377 -5.59622659399997))
10;2;ASL 10;MVS2;ASL10-MVS2;Polygon ((-37.040855616 -5.50598725899999,-37.0415132689999 -5.50657916699998,-37.042234803 -5.50548435099995,-37.042648953 -5.50485593899998,-37.0431556079999 -5.50408716499999,-37.043437956 -5.50365874199997,-37.043639323 -5.50335319499999,-37.044106105 -5.50264491399997,-37.044184809 -5.50252549299995,-37.044432671 -5.50214939299997,-37.044405414 -5.50213035899998,-37.044520536 -5.50195655799996,-37.044915933 -5.50135962099995,-37.045144465 -5.50101460099995,-37.045286776 -5.50079975199998,-37.045446987 -5.50055787699995,-37.044782871 -5.50002231999997,-37.044351939 -5.50042999899995,-37.043631191 -5.501111853,-37.043340607 -5.50138675399995,-37.042435433 -5.50075462799998,-37.040490767 -5.50026227299998,-37.039821359 -5.50026007299999,-37.039818066 -5.500730062,-37.039809478 -5.50335243399996,-37.039871616 -5.50335263799997,-37.03986258 -5.50598226599999,-37.040855616 -5.50598725899999))
5;4;ASL 05;MVS4;ASL05-MVS4;Polygon ((-37.053969827 -5.60158375599997,-37.056704115 -5.60159283499996,-37.056706746 -5.60079703299999,-37.056617104 -5.60079673599995,-37.05662236 -5.59920628199995,-37.056567714 -5.5992061,-37.05657756 -5.59622574499997,-37.053922944 -5.59621802499998,-37.053909555 -5.60026467999995,-37.053976003 -5.600264901,-37.053969827 -5.60158375599997))
10;1;ASL 10;MVS1;ASL10-MVS1;Polygon ((-37.03986258 -5.50598226599999,-37.039871616 -5.50335263799997,-37.039809478 -5.50335243399996,-37.039821359 -5.50026007299999,-37.037235859 -5.50025156799995,-37.037155233 -5.50196434699996,-37.037064016 -5.50390144699998,-37.036981839 -5.50564759899999,-37.036966379 -5.50597602899995,-37.037220031 -5.50597302199998,-37.03986258 -5.50598226599999))
5;5;ASL 05;MVS5;ASL05-MVS5;Polygon ((-37.053875126 -5.60298800199996,-37.053964962 -5.60305313799995,-37.053976003 -5.600264901,-37.053909555 -5.60026467999995,-37.053922944 -5.59621802499998,-37.051270861 -5.59620921499999,-37.051255227 -5.60092786899997,-37.051254715 -5.60108803899999,-37.051412258 -5.60120226799995,-37.051776349 -5.60146625899995,-37.051904188 -5.60155895099996,-37.052369103 -5.60189604299995,-37.053080308 -5.602411711,-37.053875126 -5.60298800199996))
15;3;ASL 15;MVS3;ASL15-MVS3;Polygon ((-37.036585996 -5.514055353,-37.037079652 -5.513306339,-37.037882855 -5.51208764799998,-37.038861094 -5.51060336899997,-37.039724898 -5.50929270899996,-37.040717016 -5.507787345,-37.041228438 -5.50701135099996,-37.0415132689999 -5.50657916699998,-37.040855616 -5.50598725899999,-37.03986258 -5.50598226599999,-37.037220031 -5.50597302199998,-37.036966335 -5.50597602899995,-37.036894727 -5.507497978,-37.036832674 -5.50881601899999,-37.036683978 -5.51197250299998,-37.036609521 -5.513555725,-37.036585996 -5.514055353))
6;1;ASL 06;MVS1;ASL06-MVS1;Polygon ((-37.084552613 -5.56848328699999,-37.084724674 -5.56814995599996,-37.0850699699999 -5.56748168599995,-37.085507023 -5.566635007,-37.085948666 -5.56577979499997,-37.086065817 -5.56555294199995,-37.086303808 -5.56509208599999,-37.086383816 -5.56493499499999,-37.086516098 -5.56467899299997,-37.086576923 -5.56456128299999,-37.086647495 -5.56442655699999,-37.087373525 -5.56302063499999,-37.087377143 -5.56301363099999,-37.087380038 -5.56300802499999,-37.087387268 -5.562994022,-37.08739138 -5.562986061,-37.087400544 -5.56296831499998,-37.087402275 -5.56296496199997,-37.087402453 -5.56296461899996,-37.087402716 -5.56296410699997,-37.087402996 -5.56296356499996,-37.087403399 -5.562962787,-37.08740394 -5.56296173999999,-37.087405411 -5.56295889099999,-37.087411973 -5.56294618199996,-37.087422084 -5.56292660599996,-37.0874260739999 -5.56291887599997,-37.08742888 -5.56291344499999,-37.087433427 -5.56290463699997,-37.087441004 -5.562889633,-37.087447619 -5.56287541999995,-37.087448148 -5.56271165699997,-37.087449746 -5.56221711499995,-37.087450391 -5.56201748399997,-37.087411028 -5.561965101,-37.087345463 -5.56187785499998,-37.08727409 -5.56178287399996,-37.087235435 -5.561731436,-37.086925262 -5.56171657499999,-37.086444563 -5.56169354399998,-37.08582372 -5.56166379899997,-37.085253423 -5.561636475,-37.085136168 -5.56163085499998,-37.085101657 -5.56169246999997,-37.085053473 -5.56177849799997,-37.084993782 -5.56188506199999,-37.084927781 -5.56200290099997,-37.084836082 -5.56216661499997,-37.08468483 -5.56243664799996,-37.084184621 -5.56332969499999,-37.083768526 -5.56407255799996,-37.083316696 -5.56487921999997,-37.083014963 -5.565438164,-37.082809023 -5.56585546999997,-37.082614097 -5.56625646999998,-37.082533916 -5.56642141799995,-37.0824387219999 -5.56661725199996,-37.0823576069999 -5.56678411899998,-37.082182885 -5.56714355199995,-37.08197738 -5.56756631599995,-37.081758177 -5.56801725199995,-37.081309001 -5.56894128299996,-37.08123407 -5.56909543099999,-37.081185101 -5.56919616499999,-37.081272063 -5.56917775599999,-37.080974748 -5.56979224599996,-37.081075302 -5.56977095899998,-37.081372621 -5.56915646899995,-37.081758635 -5.56907475399998,-37.082442814 -5.56892991899997,-37.083718842 -5.56865979199995,-37.084386097 -5.56851853699999,-37.084552613 -5.56848328699999))
15;2;ASL 15;MVS2;ASL15-MVS2;Polygon ((-37.035874498 -5.50759473099998,-37.036258156 -5.50759400699997,-37.036304513 -5.506609411,-37.036391232 -5.50476748899996,-37.036505091 -5.50234901899995,-37.03658979 -5.50054988899996,-37.03660393 -5.50024948799995,-37.036497987 -5.50024913899995,-37.036218262 -5.50054353199999,-37.035710731 -5.50107767399999,-37.035156352 -5.50166111999999,-37.035586945 -5.50230561899997,-37.035585249 -5.50357620399996,-37.035135784 -5.50357598799997,-37.035131349 -5.50492631599997,-37.035069902 -5.504926114,-37.035064047 -5.507594332,-37.035874498 -5.50759473099998))
15;1;ASL 15;MVS1;ASL15-MVS1;Polygon ((-37.035064047 -5.507594332,-37.035069902 -5.504926114,-37.035131349 -5.50492631599997,-37.035135784 -5.50357598799997,-37.035585249 -5.50357620399996,-37.035586945 -5.50230561899997,-37.035156352 -5.50166111999999,-37.033983821 -5.50289511799997,-37.0322362 -5.50473433899998,-37.030930024 -5.50610896399996,-37.030060925 -5.50702359999997,-37.030641162 -5.507577191,-37.035064047 -5.507594332))
15;4;ASL 15;MVS4;ASL15-MVS4;Polygon ((-37.035712062 -5.51288555499997,-37.036008925 -5.51288730699997,-37.03609391 -5.51108242399999,-37.036179769 -5.50925888699999,-37.036241135 -5.50795553099999,-37.036258156 -5.50759400699997,-37.033230964 -5.50758723199999,-37.03322034 -5.51158555999996,-37.033153424 -5.51158495199996,-37.033153204 -5.51288114199997,-37.035712062 -5.51288555499997))
6;4;ASL 06;MVS4;ASL06-MVS4;Polygon ((-37.059860432 -5.58998957899996,-37.06023646 -5.58999829599998,-37.060444048 -5.59000310899995,-37.061179923 -5.59002016699998,-37.061708317 -5.59003241699997,-37.061946176 -5.59003793099998,-37.062465201 -5.59004996099998,-37.062810667 -5.59005796899999,-37.062952729 -5.59006126099996,-37.062952372 -5.59012172499996,-37.064393524 -5.59015950599996,-37.06494479 -5.59017309199999,-37.065597203 -5.59018898399995,-37.065811692 -5.59019419399999,-37.066091734 -5.59013390899997,-37.066568009 -5.59003138099996,-37.067291782 -5.58987557,-37.067568604 -5.58981597899998,-37.067517711 -5.58954396599995,-37.067391473 -5.58886925599995,-37.067309446 -5.58843083599999,-37.067109668 -5.58843017799995,-37.06711147 -5.58788067799998,-37.067111963 -5.58773055499995,-37.067112268 -5.587637546,-37.067113428 -5.58758542599998,-37.067119857 -5.58753194399998,-37.067130153 -5.58748592999996,-37.067150261 -5.58742704499997,-37.067170512 -5.58738385799995,-37.067228586 -5.587297154,-37.067299403 -5.58722748299999,-37.067357066 -5.58718736999998,-37.067523277 -5.58710043999997,-37.067584491 -5.587068805,-37.067608893 -5.587056195,-37.067634771 -5.58704282099995,-37.067658001 -5.58703081599998,-37.067705275 -5.58700638699997,-37.067758234 -5.58697901699998,-37.067852079 -5.58692620799997,-37.067922621 -5.58688651299997,-37.068026091 -5.58682828799999,-37.068117502 -5.586776848,-37.068187173 -5.586737642,-37.068223576 -5.58671715899999,-37.068266092 -5.58669323199996,-37.068329241 -5.58665769799995,-37.068438111 -5.58659643299995,-37.068481684 -5.58657191399999,-37.068513565 -5.58655397399997,-37.068595505 -5.58650786499999,-37.068720715 -5.58643740499997,-37.068820064 -5.58638149899997,-37.0689537969999 -5.58630624299997,-37.069101431 -5.58622316599997,-37.069238421 -5.58614607799996,-37.069417099 -5.58604553199996,-37.069536271 -5.58597847099998,-37.069448734 -5.58589292299996,-37.069131956 -5.586071183,-37.069017834 -5.58613540199997,-37.068722077 -5.586301832,-37.068567938 -5.58638857099999,-37.068448735 -5.58645564699998,-37.068297491 -5.58654075699997,-37.068103175 -5.58665010199996,-37.067957554 -5.58673204799999,-37.067835529 -5.58680071399999,-37.067734138 -5.58685776699997,-37.067692318 -5.58688082399999,-37.067663122 -5.58689591199999,-37.067630353 -5.58691284899999,-37.067563943 -5.58694716899998,-37.067489831 -5.58698547,-37.067435081 -5.58701376299996,-37.067385402 -5.58703943799998,-37.06734387 -5.58706090299995,-37.067309768 -5.58707899799998,-37.067260292 -5.58711009699999,-37.067209701 -5.58714938099996,-37.067150804 -5.58720753499995,-37.067083234 -5.58729974299996,-37.067058131 -5.58734596599999,-37.067032528 -5.58740613499998,-37.067019697 -5.58744534199997,-37.067009746 -5.58748420299997,-37.067002085 -5.58752521099996,-37.066995469 -5.58759494199995,-37.066994611 -5.58774129699998,-37.066993059 -5.58821461299999,-37.066992353 -5.588429792,-37.0667576009999 -5.588429018,-37.0665963329999 -5.58847517299995,-37.065747954 -5.58871798199999,-37.06561689 -5.588727495,-37.065540206 -5.58871773599998,-37.065267422 -5.58868302099995,-37.064991953 -5.588647966,-37.064704868 -5.58861143099995,-37.064609609 -5.58859930699998,-37.064491366 -5.58858425899996,-37.064265896 -5.58855635499998,-37.064100838 -5.58854266499998,-37.06391207 -5.58852157999996,-37.063703206 -5.58850105099998,-37.063478673 -5.58847898099998,-37.063311093 -5.58846251199998,-37.063208861 -5.588452464,-37.063040497 -5.58843591699997,-37.063002557 -5.58843226299996,-37.062962362 -5.58842823599997,-37.062958817 -5.589029213,-37.062956673 -5.58939275899996,-37.062953958 -5.58985298299996,-37.062953423 -5.58994371299997,-37.061836092 -5.58991789099997,-37.061329504 -5.58990618399997,-37.060787539 -5.58989365699995,-37.060370288 -5.589884015,-37.060131323 -5.58987849099998,-37.059964687 -5.58987463799997,-37.059848458 -5.58987195199995,-37.059860432 -5.58998957899996))
15;6;ASL 15;MVS6;ASL15-MVS6;Polygon ((-37.033153204 -5.51288114199997,-37.033153424 -5.51158495199996,-37.03322034 -5.51158555999996,-37.033230964 -5.50758723199999,-37.030641162 -5.507577191,-37.030579351 -5.50751821899996,-37.030566607 -5.51021976499999,-37.030557877 -5.51286817899995,-37.033153204 -5.51288114199997))
6;5;ASL 06;MVS5;ASL06-MVS5;Polygon ((-37.056895626 -5.59490465499999,-37.058480519 -5.59490990499995,-37.058476824 -5.59602993599998,-37.058685463 -5.59602704599996,-37.058985427 -5.59602288899998,-37.060357115 -5.59600388799998,-37.060355337 -5.59580734899998,-37.060353419 -5.59559520399995,-37.06034805 -5.59500178299999,-37.0603454439999 -5.59471373999997,-37.060347 -5.59436699899999,-37.060412101 -5.59408467599997,-37.060465298 -5.59385397099999,-37.060496618 -5.59371814699995,-37.060527469 -5.59358435299998,-37.060528068 -5.59340253199997,-37.060528908 -5.59314749499998,-37.060529597 -5.59293835299997,-37.060382264 -5.59201600399996,-37.060345145 -5.59186918799998,-37.060304187 -5.591707187,-37.060117064 -5.59096705599995,-37.059950384 -5.59063848699998,-37.059461708 -5.59064321999995,-37.058685303 -5.59065073899995,-37.056847143 -5.59066853599995,-37.05684234 -5.59215277299995,-37.056904708 -5.59215297999998,-37.056895626 -5.59490465499999))
15;5;ASL 15;MVS5;ASL15-MVS5;Polygon ((-37.030557877 -5.51286817899995,-37.030579351 -5.50751821899996,-37.030060925 -5.50702359999997,-37.028737407 -5.50841645499997,-37.027613313 -5.50959942999998,-37.026450142 -5.51082351999997,-37.026836707 -5.51157796799998,-37.0268327369999 -5.51285713999999,-37.030557877 -5.51286817899995))
6;6;ASL 06;MVS6;ASL06-MVS6;Polygon ((-37.05657756 -5.59622574499997,-37.05683377 -5.59622659399997,-37.056838136 -5.59490446499996,-37.056895626 -5.59490465499999,-37.056904708 -5.59215297999998,-37.05684234 -5.59215277299995,-37.056847237 -5.59066853499996,-37.056471535 -5.59067217299997,-37.056092463 -5.59067584099995,-37.05537668 -5.59068276899995,-37.055096743 -5.59068547999999,-37.054775083 -5.59068859199999,-37.054506476 -5.59069119199995,-37.054330466 -5.59069289399997,-37.054264107 -5.590693536,-37.054254445 -5.593617553,-37.054250184 -5.59490654199999,-37.054245844 -5.59621909699996,-37.05657756 -5.59622574499997))
14;6;ASL 14;MVS6;ASL14-MVS6;Polygon ((-37.031995904 -5.51814460699995,-37.03189048 -5.52025939599997,-37.032833382 -5.51868288499998,-37.033425801 -5.518684845,-37.033710722 -5.51825668099997,-37.034274869 -5.51740890099995,-37.034653493 -5.51683992,-37.034803949 -5.51661381899999,-37.03487106 -5.51665736799998,-37.035514455 -5.51568117099998,-37.035905293 -5.51508816399996,-37.035959635 -5.51393407999996,-37.035999188 -5.51309408699996,-37.036008925 -5.51288730699997,-37.03213947 -5.512876081,-37.03212763 -5.51687484899998,-37.031996737 -5.51687479899999,-37.031995904 -5.51814460699995))
7;1;ASL 07;MVS1;ASL07-MVS1;Polygon ((-37.041835745 -5.59349079699996,-37.041812357 -5.59346712199999,-37.040449921 -5.59346257099998,-37.0404455669999 -5.59477063399999,-37.040886316 -5.59477210699998,-37.040881641 -5.59617644499997,-37.040872859 -5.59881328199998,-37.044957843 -5.59882493399999,-37.0459847119999 -5.59882835899998,-37.045988411 -5.59771487199998,-37.045988155 -5.59769441099996,-37.044309137 -5.59599464199999,-37.043787753 -5.59546681399996,-37.043363849 -5.59503766799997,-37.041835745 -5.59349079699996))
14;5;ASL 14;MVS5;ASL14-MVS5;Polygon ((-37.029407824 -5.51813474399995,-37.029388416 -5.51970231299998,-37.030637362 -5.51998039,-37.03189048 -5.52025939599997,-37.031995904 -5.51814460699995,-37.031996737 -5.51687479899999,-37.03212763 -5.51687484899998,-37.032139203 -5.512876081,-37.029489249 -5.51286501499999,-37.029476205 -5.51686531599995,-37.029411994 -5.516865107,-37.029407824 -5.51813474399995))
7;2;ASL 07;MVS2;ASL07-MVS2;Polygon ((-37.038541713 -5.59210583999999,-37.038519383 -5.59880540899997,-37.040872859 -5.59881328199998,-37.040881641 -5.59617644499997,-37.040886316 -5.59477210699998,-37.0404455669999 -5.59477063399999,-37.040449921 -5.59346257099998,-37.041812357 -5.59346712199999,-37.041470231 -5.59312076999998,-37.040913994 -5.59255750899996,-37.04001002 -5.59164234299999,-37.039512719 -5.59113888799999,-37.038548356 -5.59016258299999,-37.038547967 -5.59022801599997,-37.038541713 -5.59210583999999))
14;4;ASL 14;MVS4;ASL14-MVS4;Polygon ((-37.026818569 -5.51812739099995,-37.026824197 -5.51956261799995,-37.028024198 -5.51961761299998,-37.029037941 -5.51966406999998,-37.02926298 -5.51967438399998,-37.029388416 -5.51970231299998,-37.029407824 -5.51813474399995,-37.029411966 -5.516865107,-37.029476205 -5.51686531599995,-37.029489249 -5.51286501499999,-37.0268327369999 -5.51285713999999,-37.026818569 -5.51812739099995))
7;3;ASL 07;MVS3;ASL07-MVS3;Polygon ((-37.038523737 -5.59749956399997,-37.038543418 -5.59159402399996,-37.038547271 -5.59043679899997,-37.038548356 -5.59016258299999,-37.03769933 -5.58930303899996,-37.036828864 -5.58842205499997,-37.036304976 -5.58789140699997,-37.036087955 -5.58767198299995,-37.036049622 -5.58860277699995,-37.035833545 -5.58861784499999,-37.035841658 -5.592169351,-37.035832871 -5.59480302499998,-37.035772913 -5.594802824,-37.035763942 -5.597490322,-37.038523737 -5.59749956399997))
14;3;ASL 14;MVS3;ASL14-MVS3;Polygon ((-37.02486388 -5.51550937099995,-37.024868912 -5.518207588,-37.025223915 -5.51820876699998,-37.025440789 -5.51865837099996,-37.02568859 -5.51865919399995,-37.025559531 -5.51950465699997,-37.026824197 -5.51956261799995,-37.026818569 -5.51812739099995,-37.026836707 -5.51157796799998,-37.026450142 -5.51082351999997,-37.02586119 -5.51142963799998,-37.024428247 -5.51290000099999,-37.022585344 -5.514791011,-37.023314442 -5.51550443499997,-37.02486388 -5.51550937099995))
7;4;ASL 07;MVS4;ASL07-MVS4;Polygon ((-37.035763942 -5.597490322,-37.035772913 -5.594802824,-37.035832871 -5.59480302499998,-37.0358412309999 -5.59198245699997,-37.035838839 -5.59093447399999,-37.035834674 -5.58911183699996,-37.035833545 -5.58861784499999,-37.035108198 -5.58866842599997,-37.035126024 -5.58889544199997,-37.035268999 -5.590947309,-37.03539728 -5.59093833499998,-37.035426189 -5.59135321899998,-37.033875556 -5.59146167199998,-37.033252815 -5.59215378199997,-37.033243993 -5.59479434699995,-37.033117608 -5.594793923,-37.033108322 -5.59747483899997,-37.034059053 -5.59747730199996,-37.034059028 -5.59748460499998,-37.035763942 -5.597490322))
14;2;ASL 14;MVS2;ASL14-MVS2;Polygon ((-37.022151679 -5.51557141699999,-37.022147067 -5.51819753299998,-37.022014029 -5.51819709,-37.022005365 -5.52081056199995,-37.022004067 -5.52103284699996,-37.023999847 -5.52104455199998,-37.024664895 -5.520365986,-37.025428694 -5.51958665899997,-37.025437716 -5.51958722999996,-37.025440789 -5.51865837099996,-37.025223915 -5.51820876699998,-37.024868912 -5.518207588,-37.02486388 -5.51550937099995,-37.023314442 -5.51550443499997,-37.022585344 -5.514791011,-37.022153252 -5.51523437699996,-37.022151679 -5.51557141699999))
7;5;ASL 07;MVS5;ASL07-MVS5;Polygon ((-37.033108322 -5.59747483899997,-37.033117284 -5.59479392199995,-37.033243993 -5.59479434699995,-37.03324854 -5.59343358199999,-37.031732542 -5.59342849699999,-37.031727992 -5.59478925999997,-37.0319799 -5.59479010599995,-37.031974674 -5.59747189699999,-37.033108322 -5.59747483899997))
14;1;ASL 14;MVS1;ASL14-MVS1;Polygon ((-37.022004067 -5.52103284699996,-37.022014029 -5.51819709,-37.022147067 -5.51819753299998,-37.022153252 -5.51523437699996,-37.021722303 -5.51567657099997,-37.021305148 -5.51610460799998,-37.020703325 -5.51672213299997,-37.019911922 -5.51753417699996,-37.019438435 -5.51802001099998,-37.019324585 -5.51813683,-37.01923749 -5.51822619699999,-37.019615977 -5.51874370299998,-37.020598502 -5.52008710299998,-37.021287121 -5.52102864099999,-37.022004067 -5.52103284699996))
7;6;ASL 07;MVS6;ASL07-MVS6;Polygon ((-37.033252815 -5.59215378199997,-37.033875556 -5.59146167199998,-37.033756783 -5.58975704599999,-37.034143876 -5.58972997199999,-37.03407946 -5.58880550499998,-37.03452957 -5.58877402299998,-37.034540881 -5.58893636899995,-37.035126024 -5.58889544199997,-37.035110243 -5.58866828299995,-37.033806496 -5.58875482799999,-37.033088438 -5.58844797699999,-37.030452956 -5.588443563,-37.030237106 -5.589501289,-37.030101838 -5.59016488199995,-37.030046798 -5.59043470999995,-37.029667858 -5.59147554099997,-37.029137295 -5.592932824,-37.028960792 -5.59341761299999,-37.030278341 -5.59342203899996,-37.030273782 -5.594784377,-37.031727992 -5.59478925999997,-37.031732542 -5.59342849699999,-37.03324854 -5.59343358199999,-37.033252815 -5.59215378199997))
11;6;ASL 11;MVS6;ASL11-MVS6;Polygon ((-37.0255778 -5.52674767999997,-37.025576747 -5.52706545199999,-37.026178127 -5.52706745199998,-37.0264186799999 -5.52706825199999,-37.026858172 -5.52716438699997,-37.027186671 -5.52723624299995,-37.027451704 -5.52729421699996,-37.027748607 -5.52735916099999,-37.02801529 -5.52695849399998,-37.027746963 -5.52689980099996,-37.026843225 -5.52670211699996,-37.026864022 -5.52636717099995,-37.026893042 -5.52589981099999,-37.027687601 -5.52590245199997,-37.028246554 -5.525904309,-37.028492418 -5.525580972,-37.028595406 -5.52544553399997,-37.028599699 -5.52414775,-37.02988326 -5.52415200999997,-37.029949309 -5.52405277599996,-37.028383461 -5.52404757899996,-37.026728173 -5.52404207999996,-37.025584541 -5.52403827899997,-37.0255778 -5.52674767999997))
8;1;ASL 08;MVS1;ASL08-MVS1;Polygon ((-37.054245844 -5.59621909699996,-37.054264107 -5.590693536,-37.054211974 -5.59069403999996,-37.053974268 -5.59069633999997,-37.053704465 -5.59069895099998,-37.053309743 -5.59070276999995,-37.053310011 -5.590730506,-37.053291872 -5.59621592899998,-37.054245844 -5.59621909699996))
11;5;ASL 11;MVS5;ASL11-MVS5;Polygon ((-37.02204859 -5.52945728199995,-37.022048214 -5.53012027699998,-37.023684238 -5.52895529199998,-37.024565305 -5.528327924,-37.024656494 -5.52826299199995,-37.024660474 -5.52706240199996,-37.025576747 -5.52706545199999,-37.0255778 -5.52674767999997,-37.025580972 -5.52547306299999,-37.025584541 -5.52403827899997,-37.022059951 -5.52402654799999,-37.022064173 -5.52546587499995,-37.022059684 -5.52681866799998,-37.021992981 -5.52681844599999,-37.021998899 -5.528181905,-37.022049792 -5.52818377199998,-37.02204859 -5.52945728199995))
8;2;ASL 08;MVS2;ASL08-MVS2;Polygon ((-37.053291872 -5.59621592899998,-37.053309743 -5.59070276999995,-37.05297044 -5.59070605299996,-37.051922932 -5.59071618499996,-37.051150154 -5.59072365899999,-37.050658627 -5.59072841299997,-37.050659087 -5.59077599699998,-37.050641103 -5.59620712099996,-37.053291872 -5.59621592899998))
11;4;ASL 11;MVS4;ASL11-MVS4;Polygon ((-37.019640947 -5.53075508699999,-37.019625883 -5.53191574599998,-37.020190119 -5.53135511099998,-37.020190992 -5.53135249899998,-37.020330715 -5.53093493099999,-37.020901355 -5.53093683499998,-37.022048214 -5.53012027699998,-37.02204859 -5.52945728199995,-37.022049792 -5.52818377199998,-37.021998899 -5.528181905,-37.021992981 -5.52681844599999,-37.022059684 -5.52681866799998,-37.022064173 -5.52546587499995,-37.022059951 -5.52402654799999,-37.019960797 -5.52401955199997,-37.019951521 -5.52681163999995,-37.019892985 -5.52681144499996,-37.019886592 -5.52817625699998,-37.019944191 -5.528176094,-37.019940745 -5.529480659,-37.019647366 -5.529479826,-37.019640947 -5.53075508699999))
8;3;ASL 08;MVS3;ASL08-MVS3;Polygon ((-37.050641103 -5.59620712099996,-37.050658627 -5.59072841299997,-37.0504040759999 -5.59073087399997,-37.050248388 -5.59073237899997,-37.049458221 -5.59074002,-37.048548745 -5.59074881099997,-37.048129508 -5.59075286299998,-37.048124751 -5.59218816499998,-37.048120221 -5.593554611,-37.048183692 -5.59355482199999,-37.0481793 -5.59487952999996,-37.04748617 -5.59487722199998,-37.047481801 -5.59619431499999,-37.050641103 -5.59620712099996))
11;3;ASL 11;MVS3;ASL11-MVS3;Polygon ((-37.017884468 -5.53075010999999,-37.017898949 -5.53237296999998,-37.018082061 -5.53271728699997,-37.018203382 -5.532945412,-37.018476459 -5.533083885,-37.018517707 -5.53301684399997,-37.018718006 -5.53281782399995,-37.01922691 -5.532312171,-37.019625883 -5.53191574599998,-37.019640947 -5.53075508699999,-37.019647366 -5.529479826,-37.019940746 -5.529480605,-37.019944191 -5.528176094,-37.019886592 -5.52817625699998,-37.019892985 -5.52681144499996,-37.019951521 -5.52681163999995,-37.019956129 -5.52542465499999,-37.019960797 -5.52401955199997,-37.017843874 -5.52401248899997,-37.017847096 -5.52416630299996,-37.017838322 -5.52680458599997,-37.018009854 -5.52680515899999,-37.018006004 -5.52947026299995,-37.017887331 -5.529469447,-37.017884468 -5.53075010999999))
8;4;ASL 08;MVS4;ASL08-MVS4;Polygon ((-37.045525709 -5.59487069099998,-37.0481793 -5.59487952999996,-37.048183692 -5.59355482199999,-37.048120221 -5.593554611,-37.048124821 -5.59216708999998,-37.048128508 -5.59105463899999,-37.048129508 -5.59075286299998,-37.0480396889999 -5.590753732,-37.048036021 -5.59069067199999,-37.048016688 -5.59035839699999,-37.047968988 -5.58950747,-37.047941915 -5.58950702499999,-37.045295322 -5.58949821699997,-37.045290981 -5.59080637199997,-37.045414165 -5.59080678199996,-37.045405016 -5.59356305599999,-37.04553005 -5.59356347199997,-37.045525709 -5.59487069099998))
11;2;ASL 11;MVS2;ASL11-MVS2;Polygon ((-37.015888955 -5.53043462599999,-37.015885614 -5.53065799499996,-37.016131898 -5.530724964,-37.016140322 -5.53072699199998,-37.016165538 -5.53073034399995,-37.016298217 -5.53074797799997,-37.016467294 -5.53077044999998,-37.016571047 -5.53078424199998,-37.017354726 -5.53088817899999,-37.017580336 -5.53091805599996,-37.017640015 -5.53188608599999,-37.017801183 -5.53218913499995,-37.017898949 -5.53237296999998,-37.017884468 -5.53075010999999,-37.017887331 -5.529469447,-37.018006 -5.52947026299995,-37.018009854 -5.52680515899999,-37.017838322 -5.52680458599997,-37.017847096 -5.52416631199998,-37.017843874 -5.52401248899997,-37.015911922 -5.524006036,-37.015911797 -5.52416250099998,-37.015903023 -5.52679811899998,-37.015837444 -5.52679789999996,-37.015838543 -5.52815418,-37.015959313 -5.52815793099995,-37.01595304 -5.52946634699998,-37.015896134 -5.529466157,-37.015888957 -5.53043451399998,-37.015888955 -5.53043462599999))
11;1;ASL 11;MVS1;ASL11-MVS1;Polygon ((-37.015885614 -5.53065799499996,-37.015896134 -5.529466157,-37.01595304 -5.52946634699998,-37.015959313 -5.52815793099995,-37.015838543 -5.52815418,-37.015837444 -5.52679789999996,-37.015903023 -5.52679811899998,-37.015911922 -5.524006036,-37.014214358 -5.52400036099999,-37.014089631 -5.52434481199998,-37.01381245 -5.52511029099998,-37.013303325 -5.52651630099996,-37.012368643 -5.52909751799996,-37.012798294 -5.52932374199997,-37.013386156 -5.52962230599996,-37.013938167 -5.52987129299999,-37.015373718 -5.53051880299995,-37.015756067 -5.53062276999998,-37.015885614 -5.53065799499996))
8;6;ASL 08;MVS6;ASL08-MVS6;Polygon ((-37.041203743 -5.59079369899996,-37.041199609 -5.59203668199996,-37.041199569 -5.59206272799997,-37.04141916 -5.59228502899998,-37.041771143 -5.59264135799998,-37.042335466 -5.59321264599998,-37.042664563 -5.59354580599995,-37.042760823 -5.59364325499996,-37.042900352 -5.59378450599996,-37.043014301 -5.59389985999996,-37.043142356 -5.59402949599996,-37.043268547 -5.59415724399997,-37.04338725 -5.594277412,-37.043504211 -5.59439581699996,-37.043788953 -5.594684073,-37.044174391 -5.59507426599998,-37.044519771 -5.59542390499996,-37.044682844 -5.595588991,-37.044971913 -5.59588162399996,-37.044975494 -5.59486885699999,-37.045525709 -5.59487069099998,-37.04553005 -5.59356347199997,-37.045405016 -5.59356305599999,-37.045414165 -5.59080678199996,-37.045290981 -5.59080637199997,-37.045295322 -5.58949821699997,-37.042392435 -5.58948854099998,-37.042388085 -5.590797651,-37.041203743 -5.59079369899996))
9;1;ASL 09;MVS1;ASL09-MVS1;Polygon ((-37.031512323 -5.60280966199997,-37.03416633 -5.60281857799998,-37.034170685 -5.60151644499996,-37.034108213 -5.60151623499996,-37.034117329 -5.59878968699996,-37.034054667 -5.59878947599998,-37.034059053 -5.59747730199996,-37.031974674 -5.59747189699999,-37.031466489 -5.59747019099996,-37.031452982 -5.60150539,-37.031516691 -5.601505605,-37.031512323 -5.60280966199997))
9;2;ASL 09;MVS2;ASL09-MVS2;Polygon ((-37.034611142 -5.60306684899996,-37.035306541 -5.60291028899996,-37.035306835 -5.60282240599997,-37.035309833 -5.60192544299997,-37.035626722 -5.60161505299999,-37.035630826 -5.60038667399999,-37.038164125 -5.60039516299997,-37.038514076 -5.60039633499997,-37.038523737 -5.59749956399997,-37.034059028 -5.59748460499998,-37.034054667 -5.59878947599998,-37.034117329 -5.59878968699996,-37.034108213 -5.60151623499996,-37.034170685 -5.60151644499996,-37.03416633 -5.60281857799998,-37.034443013 -5.60281950699999,-37.034442188 -5.60306628199999,-37.034611142 -5.60306684899996))
9;3;ASL 09;MVS3;ASL09-MVS3;Polygon ((-37.029235133 -5.60280200199998,-37.031512323 -5.60280966199997,-37.031516691 -5.601505605,-37.031452982 -5.60150539,-37.031466489 -5.59747019099996,-37.031974674 -5.59747189699999,-37.03197529 -5.59616860099999,-37.029703037 -5.59615901499996,-37.029698661 -5.59746561399999,-37.02963067 -5.59746538499996,-37.0296262849999 -5.59877437199998,-37.029571519 -5.59877418799999,-37.029566942 -5.60014018599998,-37.0291817 -5.60013888999998,-37.029177133 -5.60150122299996,-37.029239494 -5.60150143199996,-37.029235133 -5.60280200199998))
9;4;ASL 09;MVS4;ASL09-MVS4;Polygon ((-37.026804293 -5.60279381499998,-37.029235133 -5.60280200199998,-37.029239494 -5.60150143199996,-37.029177133 -5.60150122299996,-37.0291817 -5.60013888999998,-37.029566942 -5.60014018599998,-37.029571519 -5.59877418799999,-37.0296262849999 -5.59877437199998,-37.02963067 -5.59746538499996,-37.029698661 -5.59746561399999,-37.029703037 -5.59615901499996,-37.027964822 -5.59615316999998,-37.027859502 -5.59644244599997,-37.02768615 -5.59691857399997,-37.027581166 -5.59720691399997,-37.027435149 -5.59760797299998,-37.027232923 -5.59816339899999,-37.0270292169999 -5.59872289199996,-37.026915032 -5.59903625699997,-37.026716283 -5.59958205999999,-37.026653201 -5.59975529499997,-37.026651997 -5.59975693499996,-37.026650485 -5.59976074899998,-37.026652613 -5.59980134899996,-37.026752974 -5.60177049099997,-37.026804293 -5.60279381499998))
9;5;ASL 09;MVS5;ASL09-MVS5;Polygon ((-37.03197529 -5.59616860099999,-37.0319799 -5.59479010599995,-37.030273782 -5.594784377,-37.030278341 -5.59342183299998,-37.029138158 -5.59341800299995,-37.028960792 -5.59341761299999,-37.028584763 -5.59445042699997,-37.028353242 -5.59508633199999,-37.028039876 -5.59594702799996,-37.027964822 -5.59615316999998,-37.02896518 -5.59615653499998,-37.031891035 -5.59616636499999,-37.03197529 -5.59616860099999))
9;6;ASL 09;MVS6;ASL09-MVS6;Polygon ((-37.026613416 -5.59683053699996,-37.027214612 -5.59517894099997,-37.027724881 -5.59377761799999,-37.028023928 -5.59295635399997,-37.028320706 -5.59214132099999,-37.028518074 -5.59159928899999,-37.028661011 -5.59120674499997,-37.029043329 -5.59015678399999,-37.029423063 -5.58817438299997,-37.027709897 -5.58863015599997,-37.026374674 -5.58871144299997,-37.026345248 -5.58891537399995,-37.026208219 -5.58986503699998,-37.026067044 -5.59084342899996,-37.025979973 -5.59144685699999,-37.025838261 -5.59242895099999,-37.025740999 -5.593102999,-37.025821704 -5.594328346,-37.025901017 -5.59553261599996,-37.025945495 -5.59620793899995,-37.025971011 -5.59659565099997,-37.025971016 -5.59659574,-37.026613416 -5.59683053699996))
16;5;ASL 16;MVS5;ASL16-MVS5;Polygon ((-37.046605999 -5.58333441399998,-37.0476126189999 -5.58350184699998,-37.0473938109999 -5.57982669399996,-37.046731738 -5.57941270999999,-37.046389441 -5.57919872699995,-37.046189338 -5.57907369099996,-37.045853508 -5.57886373599996,-37.045397026 -5.578578354,-37.045137138 -5.57841587799999,-37.044736153 -5.57816464299998,-37.04369777 -5.57847171099996,-37.043011415 -5.57867467599999,-37.042555269 -5.57880956699995,-37.042131056 -5.57893004499999,-37.041867602 -5.57898220199996,-37.041202007 -5.57911397199996,-37.04132872 -5.579192675,-37.042006082 -5.579613403,-37.043445863 -5.58050768499999,-37.044391528 -5.58109527799996,-37.045293156 -5.58165535699999,-37.045995 -5.582090999,-37.046426107 -5.58292129399996,-37.046542999 -5.58314599899995,-37.046605999 -5.58333441399998)),((-37.045893179 -5.583215849,-37.04617804 -5.58326323,-37.045707999 -5.58235699899996,-37.045468445 -5.58220819299999,-37.045134908 -5.58200100799996,-37.044736987 -5.58175382599995,-37.044480202 -5.581594317,-37.044018047 -5.58130723299996,-37.043542436 -5.58101179199997,-37.04303843 -5.58069875699999,-37.042004781 -5.58005668299995,-37.04185446 -5.57996324599998,-37.041748111 -5.57989718199997,-37.041603161 -5.57980713999996,-37.041352165 -5.579651297,-37.041047584 -5.5794621,-37.040844097 -5.57933569899996,-37.040660018 -5.57922126999995,-37.040471016 -5.57925868799998,-37.04024023 -5.57930437599998,-37.040114049 -5.57932935599996,-37.039888605 -5.57938430399997,-37.039520127 -5.57946810299995,-37.039095786 -5.57955802199996,-37.038893574 -5.57960087199996,-37.038709308 -5.579639918,-37.038707033 -5.58058598899999,-37.039105871 -5.58067698099995,-37.039451716 -5.58073388999998,-37.0397246 -5.58077879299998,-37.040163008 -5.58085093199998,-37.040155697 -5.58226148699998,-37.040442568 -5.58230920699998,-37.04102856 -5.58240668099995,-37.042352142 -5.58262684699997,-37.043578795 -5.58283088499996,-37.044399324 -5.58296736899996,-37.045060495 -5.58307734599998,-37.045893179 -5.583215849))
16;4;ASL 16;MVS4;ASL16-MVS4;Polygon ((-37.0390051 -5.56770820899999,-37.039105335 -5.56770854199999,-37.039116776 -5.566101871,-37.039115099 -5.56604969399996,-37.039110197 -5.56597576799999,-37.039106597 -5.56593850899998,-37.039103048 -5.56590771399999,-37.039098346 -5.56587250999996,-37.039091329 -5.565827485,-37.039086352 -5.56579928699995,-37.039071194 -5.56572697899998,-37.039055723 -5.56565805899999,-37.039040497 -5.56559022899995,-37.039022338 -5.56550934199998,-37.039010024 -5.565454483,-37.038997736 -5.56539974399999,-37.0389831419999 -5.56533472899997,-37.03896901 -5.56527177499999,-37.038957729 -5.56522151899998,-37.038946905 -5.56517329999997,-37.038935877 -5.56512416999999,-37.038927187 -5.56508545899999,-37.03889888 -5.56495936199997,-37.038884634 -5.56489590199999,-37.038836129 -5.56467981999998,-37.038802859 -5.56453160499996,-37.038795296 -5.56440827899996,-37.038769503 -5.563987693,-37.038739897 -5.563501965,-37.038710879 -5.56302417199998,-37.038668779 -5.56233095499999,-37.038631328 -5.56171429799997,-37.038583633 -5.56092894,-37.038546537 -5.56031813599998,-37.038527358 -5.56000235799996,-37.038508885 -5.55969816999999,-37.036254788 -5.55969067199999,-37.03624739 -5.56192049099997,-37.036249922 -5.56192711399996,-37.036262796 -5.56196079199998,-37.036329485 -5.56213527599999,-37.03643679 -5.56239148099996,-37.036561444 -5.562658887,-37.036559392 -5.56327756899998,-37.036558488 -5.56355003199997,-37.03663449 -5.56373203799996,-37.036671176 -5.56381989299996,-37.036693954 -5.56387443799997,-37.036770198 -5.564057026,-37.036837275 -5.56421765499999,-37.036902146 -5.56437300799996,-37.036990015 -5.56458343099996,-37.03702739 -5.564672933,-37.03712369 -5.564699045,-37.037119898 -5.56584229799995,-37.037118619 -5.56622765899999,-37.037121765 -5.56623358599995,-37.037137448 -5.56626314699997,-37.037193548 -5.56636888599996,-37.037269659 -5.56651234399999,-37.037306909 -5.566582557,-37.037305491 -5.566938198,-37.03730384 -5.56735185999997,-37.037302639 -5.567652909,-37.037302446 -5.56770140699996,-37.037443082 -5.56770196999997,-37.038426808 -5.56770590899998,-37.0390051 -5.56770820899999)),((-37.037432152 -5.56837147899995,-37.037445687 -5.56844681899997,-37.037797527 -5.56835764199997,-37.037950768 -5.56831880199996,-37.038160027 -5.56826576099996,-37.038735956 -5.56811978599995,-37.038834476 -5.56809481499999,-37.038847757 -5.56805633299996,-37.038867953 -5.567997811,-37.038889646 -5.56793494899995,-37.038932548 -5.56781063399995,-37.038966205 -5.56771311,-37.038883145 -5.56771331199997,-37.038695508 -5.56771376699999,-37.038414781 -5.56771445099997,-37.038084387 -5.56771525299996,-37.037640945 -5.56771633,-37.037455726 -5.56771678199999,-37.037314596 -5.56771712299997,-37.037334226 -5.56782638499999,-37.037404797 -5.56821921699998,-37.037432152 -5.56837147899995))
16;1;ASL 16;MVS1;ASL16-MVS1;Polygon ((-37.037971463 -5.54889557299998,-37.037966981 -5.54867264899997,-37.037960194 -5.54833517199995,-37.037950838 -5.54786992199996,-37.037945006 -5.54757991299999,-37.037941652 -5.54741309499997,-37.037956859 -5.54715668399996,-37.037977932 -5.54677577999996,-37.037989658 -5.54660364999995,-37.037991842 -5.54653141599999,-37.037985765 -5.54635302199995,-37.037952278 -5.54537002799998,-37.037918322 -5.54437327799997,-37.037898763 -5.54379913499997,-37.037603511 -5.54351672999996,-37.035016335 -5.54347522799998,-37.034988441 -5.54500840199995,-37.034961763 -5.546474682,-37.034943151 -5.54749760699997,-37.034933916 -5.54800507799996,-37.034927324 -5.54836735399999,-37.03492287 -5.54861212399999,-37.03492148 -5.548688454,-37.034921095 -5.54870185599998,-37.034932153 -5.54888591399998,-37.037971463 -5.54889557299998))
16;6;ASL 16;MVS6;ASL16-MVS6;Polygon ((-37.035478786 -5.581483499,-37.040155697 -5.58226148699998,-37.040160986 -5.58086328099995,-37.038705009 -5.58059833799996,-37.038709308 -5.579639918,-37.036229025 -5.58016548399996,-37.036001937 -5.58072637699996,-37.035737347 -5.58072555799998,-37.035478786 -5.581483499)),((-37.033438423 -5.57712054399997,-37.033633305 -5.58012953099995,-37.034479432 -5.57993043699997,-37.034715711 -5.57860841599995,-37.035547128 -5.57621711199999,-37.035151652 -5.576181722,-37.033438423 -5.57712054399997))
16;2;ASL 16;MVS2;ASL16-MVS2;Polygon ((-37.037971463 -5.54889557299998,-37.034931819 -5.54888591299999,-37.03493318 -5.54890315899996,-37.0349345549999 -5.54892621299996,-37.034940426 -5.54902473099997,-37.034942239 -5.54905514399996,-37.034949135 -5.549170898,-37.034949671 -5.54917988,-37.034952642 -5.549229728,-37.034954899 -5.54926759,-37.034956639 -5.549296809,-37.03495834 -5.54932535099999,-37.034959927 -5.54935198299995,-37.034960329 -5.54935871099997,-37.034961054 -5.549370899,-37.034962387 -5.549393264,-37.034967108 -5.549472466,-37.035014579 -5.55026909999998,-37.035031144 -5.55054706599998,-37.035083276 -5.55142188399998,-37.035151465 -5.55256617599997,-37.035189694 -5.55320772299996,-37.035198947 -5.55336299099997,-37.035243464 -5.55338802599999,-37.035252067 -5.55353452599996,-37.035203707 -5.55355237699996,-37.035247922 -5.55431125999996,-37.035275084 -5.55431194599998,-37.038131229 -5.554321055,-37.038171916 -5.55432110699996,-37.038150951 -5.55398124099997,-37.038103141 -5.55320623699998,-37.038026559 -5.55205815899996,-37.038019318 -5.55195236599997,-37.038016254 -5.551907589,-37.038015424 -5.55189546399998,-37.038015141 -5.55188239999995,-37.038016305 -5.55186750399997,-37.038019846 -5.55184966999997,-37.038029719 -5.55182349199998,-37.038037779 -5.55180937099999,-37.038012404 -5.55093158,-37.037988343 -5.54973497999998,-37.037971463 -5.54889557299998))
16;3;ASL 16;MVS3;ASL16-MVS3;Polygon ((-37.038131229 -5.554321055,-37.036129851 -5.55431467299996,-37.035275084 -5.55431194599998,-37.035247922 -5.55431125999996,-37.035248567 -5.55432234,-37.035267019 -5.554639044,-37.035278276 -5.554832229,-37.035328819 -5.55569975999998,-37.03534488 -5.55597541099996,-37.035348085 -5.55603044099996,-37.035369793 -5.55612355099998,-37.035383727 -5.55618332199998,-37.035406895 -5.55628270599999,-37.035413311 -5.55638686399999,-37.035415066 -5.55641535499996,-37.035416487 -5.55643842699999,-37.035416446 -5.55643847099998,-37.035416465 -5.55643961499999,-37.035416676 -5.55645179299995,-37.035419467 -5.556537972,-37.035431914 -5.556737537,-37.035435056 -5.55678793699997,-37.035448978 -5.55701115199997,-37.035494881 -5.55774718099997,-37.03552222 -5.55818557699996,-37.035601921 -5.55946352999996,-37.035614312 -5.55966545199999,-37.03565519 -5.55986286199999,-37.035712424 -5.56013925599996,-37.035841205 -5.560761163,-37.035884866 -5.56097200899995,-37.035902529 -5.56101821899995,-37.036004685 -5.561285494,-37.03624739 -5.56192049099997,-37.036254788 -5.55969067199999,-37.038508885 -5.55969816999999,-37.038476127 -5.55915878799999,-37.038445338 -5.55865182399998,-37.038417869 -5.55818790499995,-37.038392478 -5.55774674099996,-37.038368728 -5.55733408899999,-37.038350894 -5.55705222999995,-37.038342218 -5.55694603699999,-37.038314896 -5.55656438999995,-37.038292541 -5.556215259,-37.038267005 -5.55581645699999,-37.038219045 -5.55506745399998,-37.038189003 -5.55459810799999,-37.038176626 -5.55439746499997,-37.038172855 -5.55433632699999,-37.038171916 -5.55432110699996,-37.038131229 -5.554321055))
3;5;ASL 03;MVS5;ASL03-MVS5;Polygon ((-37.038151827 -5.60362090199999,-37.038503309 -5.60362292899998,-37.038503631 -5.60464018399995,-37.039746917 -5.60464434899995,-37.039744272 -5.60543708499995,-37.040808656 -5.60543977399999,-37.040793616 -5.60521409499995,-37.041294876 -5.60521559699998,-37.041307397 -5.60286115699995,-37.041239661 -5.60286092999996,-37.0412531429999 -5.59881436899997,-37.038519383 -5.59880540899997,-37.038514076 -5.60039633499997,-37.038164125 -5.60039516299997,-37.038151827 -5.60362090199999))
2;4;ASL 02;MVS4;ASL02-MVS4;Polygon ((-37.030057154 -5.602804768,-37.030052864 -5.60408448699997,-37.02973636 -5.60408342199997,-37.029727253 -5.60679874299996,-37.029539486 -5.60679811099999,-37.029535207 -5.60807347399998,-37.029485239 -5.60940520099996,-37.030034393 -5.60884490699999,-37.030278438 -5.60820838999996,-37.030367578 -5.60820868999997,-37.030980497 -5.60821075299998,-37.031297898 -5.60821182199999,-37.031368851 -5.60821148899998,-37.031486327 -5.60820720299995,-37.031796827 -5.60819587399999,-37.032016517 -5.60818785799995,-37.032465225 -5.60817148399997,-37.032744379 -5.60816129599999,-37.033216938 -5.60814405299999,-37.033426011 -5.60813642299996,-37.033563848 -5.60813139299995,-37.034017035 -5.60811485599999,-37.034072278 -5.60810447,-37.034079338 -5.608084744,-37.033818437 -5.60809416399997,-37.033633024 -5.60810085699995,-37.033380223 -5.60810998099998,-37.033155249 -5.608118101,-37.032907192 -5.60812705499995,-37.032386369 -5.60814585399999,-37.032103518 -5.60815606299997,-37.031880835 -5.60816410199999,-37.031719869 -5.60816991099995,-37.031509699 -5.608177496,-37.031425175 -5.60818054799995,-37.031362069 -5.60818282599996,-37.031309127 -5.608184736,-37.031312429 -5.607199681,-37.032070948 -5.60705979899996,-37.032075121 -5.60581431699995,-37.0332130789999 -5.60555000599999,-37.033217016 -5.60437414299997,-37.034137379 -5.604377253,-37.034608298 -5.60391708399999,-37.034611142 -5.60306684899996,-37.034442188 -5.60306628199999,-37.034443013 -5.60281950699999,-37.030057154 -5.602804768))
6;2;ASL 06;MVS2;ASL06-MVS2;Polygon ((-37.081750926 -5.57390682599998,-37.083350059 -5.57081122699998,-37.083557227 -5.57041018799998,-37.083812615 -5.569916068,-37.084117181 -5.569326214,-37.084232714 -5.56910255999998,-37.084164484 -5.56911700299997,-37.083837127 -5.56918630299998,-37.082802615 -5.56940530399999,-37.082009297 -5.56957324299998,-37.081355977 -5.56971154299998,-37.081075302 -5.56977095899998,-37.080974748 -5.56979224599996,-37.080888511 -5.569810502,-37.080200339 -5.571243219,-37.079966335 -5.571730393,-37.079190239 -5.573317589,-37.078750967 -5.57421461499996,-37.078149339 -5.57544303499998,-37.077874074 -5.576005103,-37.077837961 -5.57607884399999,-37.07773407 -5.57629097799997,-37.077794694 -5.57629557199999,-37.078729011 -5.576298624,-37.078724786 -5.57759707399998,-37.079142574 -5.57759843899998,-37.079139579 -5.57843957699998,-37.079139574 -5.57844033999999,-37.079344076 -5.57809745899999,-37.079650772 -5.57758435899996,-37.079988911 -5.57701865499996,-37.080458786 -5.57623384499999,-37.080829765 -5.57561334599995,-37.081127759 -5.57511491899999,-37.081214574 -5.57494508599996,-37.081518508 -5.57435829399998,-37.081750926 -5.57390682599998))
6;3;ASL 06;MVS3;ASL06-MVS3;Polygon ((-37.077995953 -5.58035283099997,-37.079139574 -5.57844033999999,-37.079139579 -5.57843957699998,-37.079140878 -5.578119668,-37.079142574 -5.57759843899998,-37.078724786 -5.57759707399998,-37.078729011 -5.576298624,-37.077794694 -5.57629557199999,-37.07773407 -5.57629097799997,-37.077527306 -5.57671317199998,-37.077413801 -5.57690777899995,-37.077321595 -5.57705333999996,-37.076972335 -5.577496134,-37.076866116 -5.57762093399998,-37.076749248 -5.57775824699996,-37.076691199 -5.57782644999998,-37.076272905 -5.57831791699999,-37.074597026 -5.58028694299998,-37.073497869 -5.581576181,-37.07271864 -5.58249015899997,-37.072127077 -5.58318401399998,-37.072014642 -5.58331588999999,-37.071940053 -5.58340337699997,-37.071867726 -5.58348821199996,-37.071887305 -5.58350630499996,-37.071689964 -5.58373785499998,-37.07121751 -5.58429220799997,-37.070960864 -5.58459334299999,-37.070800581 -5.58478141199998,-37.070688153 -5.58491332899996,-37.07051864 -5.58511222599998,-37.07038864 -5.58526475899998,-37.070303742 -5.58536437499998,-37.070275741 -5.58538767799996,-37.07017049 -5.585475272,-37.070127831 -5.58551077499999,-37.070018221 -5.58557245499998,-37.069887764 -5.58564586799997,-37.069771418 -5.585711339,-37.069659572 -5.58577427699998,-37.069489635 -5.58586990599997,-37.069448734 -5.58589292299996,-37.069536271 -5.58597847099998,-37.069607749 -5.58593824799999,-37.069800858 -5.58582958,-37.070020869 -5.58570577399996,-37.070194489 -5.58560807199996,-37.070255399 -5.58555739599996,-37.070317176 -5.58550599999995,-37.070367704 -5.58546396399998,-37.07038635 -5.58544845099999,-37.070394264 -5.585439162,-37.070448819 -5.58537515099999,-37.070568187 -5.58523509299999,-37.070758606 -5.58501166499997,-37.070990873 -5.58473913799997,-37.071441533 -5.58421035599997,-37.071732057 -5.58386946899998,-37.071973601 -5.58358605299998,-37.072021979 -5.58363075799997,-37.072685219 -5.58424367399999,-37.072974037 -5.58426855199997,-37.073836069 -5.58434280999995,-37.074196213 -5.58437383499995,-37.074805714 -5.58382022699999,-37.075895969 -5.58282994199999,-37.077065761 -5.58176741,-37.077250931 -5.58159921599997,-37.077995953 -5.58035283099997))
8;5;ASL 08;MVS5;ASL08-MVS5;Polygon ((-37.0507261979999 -5.60070482899999,-37.051254715 -5.60108803899999,-37.051270871 -5.59620921499999,-37.051270814 -5.596209214,-37.050641103 -5.59620712099996,-37.047481801 -5.59619431499999,-37.04748617 -5.59487722199998,-37.045525709 -5.59487069099998,-37.044975494 -5.59486885699999,-37.044973341 -5.59551703999995,-37.044972212 -5.59585662899997,-37.044971913 -5.59588162399996,-37.045037188 -5.59594770299998,-37.045233942 -5.596146885,-37.045424152 -5.59633943799997,-37.045711892 -5.59663072899997,-37.046033026 -5.59695582099999,-37.046221752 -5.59714687399998,-37.046373986 -5.59730098499995,-37.046595135 -5.59752485999996,-37.046766208 -5.597698041,-37.047004649 -5.59793942199997,-37.047237941 -5.598175588,-37.047444901 -5.59832564999999,-37.047815908 -5.59859465799997,-37.048252958 -5.59891155299999,-37.04859776 -5.59916155999997,-37.048964377 -5.59942738499996,-37.049990711 -5.60017154999997,-37.0507261979999 -5.60070482899999))
